{
    "title": "BLACK EDITION II XL 2.32 / 3.32",
    "subtitle": "Modern gaming cabinet with sleek design",
    "description": "The successor of the popular \u201cBlack Edition\u201d delivers modern cabinet design, perfectly angled screens and crisp game presentation against the backdrop of a Black Metro finish and contrasting ambient LED lighting concept.",
    "features": [
        "2x / 3x 32\u201d Full HD LCD screens with LED backlight / bottom screen PCAP touch-equipped",
        "Ergonomic button player interface",
        "Integrated topper (2.32 version available without topper)",
        "Ambient LED lighting concept with intelligent game-synched colour effects",
        "Integrated high-performance sound system",
        "Comfortable design including ergonomic footrest & padded hand rest"
    ],
    "dimensions": {
        "width": "735 mm / 28.94 in",
        "height": "2396 mm / 94.34 in",
        "depth": "757 mm / 29.82 in"
    },
    "model": "FV837B",
    "picture": "black_edition_ii_xl_2_32_3_32.png"
}