{
    "mixes": [
      {
        "name": "XTENSION LINK™ Volume 2",
        "type": "progressive",
        "short_name": "xtension_link_vol2"
      },
      {
        "name": "CASH FLOOD™ Link",
        "type": "progressive",
        "short_name": "cash_flood_link"
      },
      {
        "name": "GODS & LEGENDS™ Link",
        "type": "progressive",
        "short_name": "gods_legends_link"
      },
      {
        "name": "SUPERIA GAMES™ Link 1",
        "type": "progressive",
        "short_name": "superia_games_link1"
      },
      {
        "name": "Superia GOLDEN LINK™ Volume 2",
        "type": "progressive",
        "short_name": "superia_golden_link_vol2"
      },
      {
        "name": "NOVO LINE™ GOLDEN LINK™ Edition 2",
        "type": "progressive",
        "short_name": "novo_line_golden_link_ed2"
      },
      {
        "name": "Superia CASH CONNECTION™ Volume 2",
        "type": "progressive",
        "short_name": "superia_cash_connection_vol2"
      },
      {
        "name": "NOVO LINE™ CASH CONNECTION™ Edition 4",
        "type": "progressive",
        "short_name": "novo_line_cash_connection_ed4"
      },
      {
        "name": "Impera Link ™ Series 2",
        "type": "progressive",
        "short_name": "impera_link_series2"
      },
      {
        "name": "ULTRA BOOST Link™",
        "type": "progressive",
        "short_name": "ultra_boost_link"
      },
      {
        "name": "MONEY PARTY™ Edition 1",
        "type": "progressive",
        "short_name": "money_party_ed1"
      },
      {
        "name": "Gaminator ® CASH CONNECTION™ Edition 2T",
        "type": "progressive",
        "short_name": "gaminator_cash_connection_ed2t"
      },
      {
        "name": "Gaminator ® MY CASH Edition 2T",
        "type": "progressive",
        "short_name": "gaminator_my_cash_ed2t"
      },
      {
        "name": "Multi-Gaminator ® deluxe MY CASH Edition 1T",
        "type": "progressive",
        "short_name": "multi_gaminator_deluxe_my_cash_ed1t"
      },
      {
        "name": "Impera Line™ HD Edition 9",
        "type": "mix",
        "short_name": "impera_line_hd_ed9"
      },
      {
        "name": "NOVO LINE™ Interactive Edition X4",
        "type": "mix",
        "short_name": "novo_line_interactive_edx4"
      },
      {
        "name": "Superia Games™ Premium 3",
        "type": "mix",
        "short_name": "superia_games_premium3"
      },
      {
        "name": "The Legend Gaminator ® 4T",
        "type": "mix",
        "short_name": "the_legend_gaminator_4t"
      }
    ]
  }
  